metric,n,raw_mean,skill_v3_mean,delta,ci_lo,ci_hi,rho,p_two_sided
overall,50,0.693838035198319,0.688018303125821,-0.005819732072497974,-0.02015449093774629,0.00881307144733375,0.5525719316562271,0.4354
cognitive_bias,50,0.7417618106995886,0.7287335637860083,-0.013028246913580288,-0.026902346502057507,-0.0016731835390946016,0.7190938330698842,0.0188
pricing,50,0.631,0.6349999999999999,0.0039999999999998925,-0.021499999999999853,0.030500000000000083,0.598876713386644,0.7862
